{"cameraMode":{"drawMode":0,"name":"Shaded","section":"Shading Mode"},"sceneLighting":true,"audioPlay":false,"sceneViewState":{"m_AlwaysRefresh":true,"showFog":true,"showSkybox":true,"showFlares":true,"showImageEffects":true,"showParticleSystems":true,"showVisualEffectGraphs":true,"m_FxEnabled":true},"in2DMode":false,"pivot":{"x":-0.23100000619888307,"y":3.5209999084472658,"z":-2.1419999599456789},"rotation":{"x":-0.044441211968660358,"y":0.0076583558693528179,"z":0.00004316171180107631,"w":1.0004340410232545},"size":2.0223026275634767,"orthographic":false}