{"cameraMode":{"drawMode":0,"name":"Shaded","section":"Shading Mode"},"sceneLighting":true,"audioPlay":false,"sceneViewState":{"m_AlwaysRefresh":true,"showFog":true,"showSkybox":true,"showFlares":true,"showImageEffects":true,"showParticleSystems":true,"showVisualEffectGraphs":true,"m_FxEnabled":true},"in2DMode":false,"pivot":{"x":-1.9266713857650757,"y":2.223924160003662,"z":-5.009609222412109},"rotation":{"x":0.003330312902107835,"y":-0.9965250492095947,"z":0.09594767540693283,"w":0.025491582229733468},"size":2.950777053833008,"orthographic":false}