{"cameraMode":{"drawMode":0,"name":"Shaded","section":"Shading Mode"},"sceneLighting":true,"audioPlay":false,"sceneViewState":{"m_AlwaysRefresh":true,"showFog":true,"showSkybox":true,"showFlares":true,"showImageEffects":true,"showParticleSystems":true,"showVisualEffectGraphs":true,"m_FxEnabled":true},"in2DMode":false,"pivot":{"x":-0.23100000619888307,"y":1.6529998779296876,"z":-2.1419999599456789},"rotation":{"x":0.0023355665616691114,"y":0.9271315336227417,"z":-0.3785194158554077,"w":0.007648770231753588},"size":1.1635887622833253,"orthographic":false}