{"cameraMode":{"drawMode":0,"name":"Shaded","section":"Shading Mode"},"sceneLighting":true,"audioPlay":false,"sceneViewState":{"m_AlwaysRefresh":true,"showFog":true,"showSkybox":true,"showFlares":true,"showImageEffects":true,"showParticleSystems":true,"showVisualEffectGraphs":true,"m_FxEnabled":true},"in2DMode":false,"pivot":{"x":-2.6152913570404054,"y":1.349918246269226,"z":-0.13105228543281556},"rotation":{"x":0.12548941373825074,"y":-0.3757959306240082,"z":0.050824932754039767,"w":0.9183411598205566},"size":0.6765421032905579,"orthographic":false}