{"cameraMode":{"drawMode":0,"name":"Shaded","section":"Shading Mode"},"sceneLighting":true,"audioPlay":false,"sceneViewState":{"m_AlwaysRefresh":true,"showFog":true,"showSkybox":true,"showFlares":true,"showImageEffects":true,"showParticleSystems":true,"showVisualEffectGraphs":true,"m_FxEnabled":true},"in2DMode":false,"pivot":{"x":-0.06639337539672852,"y":2.347689628601074,"z":-2.4779393672943117},"rotation":{"x":0.15892623364925385,"y":0.26496046781539919,"z":-0.0447012335062027,"w":0.9515480399131775},"size":1.9897724390029908,"orthographic":false}